,Timestamp,Attack Type,Severity,Source,Date
0,2024-08-07,DDoS,4,Source_78,2024-08-07
1,2024-09-01,Brute Force,2,Source_26,2024-09-01
2,2024-04-16,Ransomware,8,Source_11,2024-04-16
3,2024-06-03,DDoS,5,Source_92,2024-06-03
4,2024-08-04,Malware,4,Source_29,2024-08-04
5,2024-11-03,Malware,9,Source_37,2024-11-03
6,2024-04-27,Phishing,6,Source_61,2024-04-27
7,2024-09-28,Ransomware,2,Source_38,2024-09-28
8,2024-07-19,DDoS,6,Source_33,2024-07-19
9,2024-11-27,Ransomware,7,Source_76,2024-11-27
10,2024-08-20,Phishing,10,Source_16,2024-08-20
11,2024-09-30,Malware,1,Source_47,2024-09-30
12,2024-04-13,Phishing,5,Source_36,2024-04-13
13,2024-12-23,Malware,2,Source_59,2024-12-23
14,2024-01-13,Malware,6,Source_79,2024-01-13
15,2024-08-16,Brute Force,1,Source_65,2024-08-16
16,2024-07-17,Brute Force,9,Source_32,2024-07-17
17,2024-05-16,Phishing,3,Source_65,2024-05-16
18,2024-10-07,DDoS,8,Source_69,2024-10-07
19,2024-05-17,Malware,7,Source_66,2024-05-17
20,2024-05-25,Malware,8,Source_88,2024-05-25
21,2024-01-28,DDoS,7,Source_9,2024-01-28
22,2024-12-27,Ransomware,3,Source_38,2024-12-27
23,2024-11-05,Ransomware,3,Source_79,2024-11-05
24,2024-10-08,Brute Force,7,Source_7,2024-10-08
25,2024-02-07,Ransomware,5,Source_34,2024-02-07
26,2024-04-10,DDoS,7,Source_72,2024-04-10
27,2024-03-30,Phishing,1,Source_78,2024-03-30
28,2024-03-04,Brute Force,8,Source_65,2024-03-04
29,2024-07-01,Phishing,7,Source_68,2024-07-01
30,2024-09-21,DDoS,10,Source_3,2024-09-21
31,2024-02-01,DDoS,6,Source_22,2024-02-01
32,2024-06-20,Brute Force,5,Source_6,2024-06-20
33,2024-11-27,Ransomware,10,Source_37,2024-11-27
34,2024-01-21,Malware,10,Source_18,2024-01-21
35,2024-05-20,Malware,4,Source_83,2024-05-20
36,2024-06-11,Ransomware,9,Source_77,2024-06-11
37,2024-06-21,Malware,2,Source_52,2024-06-21
38,2024-06-08,Brute Force,5,Source_60,2024-06-08
39,2024-09-07,Phishing,9,Source_22,2024-09-07
40,2024-06-18,DDoS,10,Source_73,2024-06-18
41,2024-06-05,DDoS,9,Source_57,2024-06-05
42,2024-04-07,Malware,10,Source_60,2024-04-07
43,2024-09-24,Brute Force,4,Source_65,2024-09-24
44,2024-08-27,Malware,6,Source_78,2024-08-27
45,2024-04-17,Ransomware,3,Source_26,2024-04-17
46,2024-03-22,Brute Force,4,Source_1,2024-03-22
47,2024-11-06,Brute Force,6,Source_34,2024-11-06
48,2024-06-29,Brute Force,10,Source_18,2024-06-29
49,2024-06-25,DDoS,1,Source_81,2024-06-25
50,2024-12-09,DDoS,6,Source_70,2024-12-09
51,2024-07-28,Brute Force,6,Source_49,2024-07-28
52,2024-01-30,Malware,4,Source_75,2024-01-30
53,2024-02-28,Phishing,3,Source_76,2024-02-28
54,2024-08-05,Phishing,8,Source_24,2024-08-05
55,2024-03-04,Ransomware,8,Source_58,2024-03-04
56,2024-03-21,Malware,5,Source_40,2024-03-21
57,2024-07-07,Phishing,3,Source_77,2024-07-07
58,2024-01-24,Ransomware,9,Source_68,2024-01-24
59,2024-04-11,Brute Force,8,Source_23,2024-04-11
60,2024-01-25,Phishing,5,Source_49,2024-01-25
61,2024-01-23,Ransomware,5,Source_48,2024-01-23
62,2024-07-23,Ransomware,4,Source_30,2024-07-23
63,2024-11-25,Malware,9,Source_70,2024-11-25
64,2024-07-17,DDoS,1,Source_24,2024-07-17
65,2024-07-07,Malware,10,Source_82,2024-07-07
66,2024-07-16,Malware,10,Source_50,2024-07-16
67,2024-03-03,DDoS,2,Source_92,2024-03-03
68,2024-08-05,Malware,5,Source_88,2024-08-05
69,2024-08-08,Malware,6,Source_8,2024-08-08
70,2024-07-24,Brute Force,5,Source_6,2024-07-24
71,2024-02-01,Brute Force,1,Source_95,2024-02-01
72,2024-08-12,Malware,4,Source_38,2024-08-12
73,2024-12-20,Malware,6,Source_69,2024-12-20
74,2024-05-12,Phishing,5,Source_69,2024-05-12
75,2024-09-05,DDoS,8,Source_52,2024-09-05
76,2024-05-20,Phishing,8,Source_62,2024-05-20
77,2024-08-04,DDoS,5,Source_85,2024-08-04
78,2024-05-17,Malware,1,Source_40,2024-05-17
79,2024-06-15,Phishing,3,Source_22,2024-06-15
80,2024-09-03,Malware,7,Source_90,2024-09-03
81,2024-10-02,Ransomware,1,Source_55,2024-10-02
82,2024-10-09,DDoS,4,Source_95,2024-10-09
83,2024-05-09,Malware,1,Source_69,2024-05-09
84,2024-12-17,DDoS,3,Source_35,2024-12-17
85,2024-01-14,Phishing,8,Source_38,2024-01-14
86,2024-04-17,Ransomware,6,Source_91,2024-04-17
87,2024-10-17,Brute Force,3,Source_31,2024-10-17
88,2024-09-04,Ransomware,1,Source_74,2024-09-04
89,2024-06-10,DDoS,6,Source_92,2024-06-10
90,2024-10-13,Malware,7,Source_25,2024-10-13
91,2024-05-16,Malware,7,Source_17,2024-05-16
92,2024-03-01,Phishing,2,Source_86,2024-03-01
93,2024-04-27,Malware,2,Source_89,2024-04-27
94,2024-03-04,DDoS,8,Source_58,2024-03-04
95,2024-04-21,Brute Force,7,Source_76,2024-04-21
96,2024-06-17,Brute Force,7,Source_30,2024-06-17
97,2024-08-13,DDoS,5,Source_79,2024-08-13
98,2024-09-13,Malware,4,Source_23,2024-09-13
99,2024-04-14,Malware,6,Source_62,2024-04-14
100,2024-12-26,Brute Force,2,Source_75,2024-12-26
101,2024-11-03,Ransomware,9,Source_43,2024-11-03
102,2024-06-11,Ransomware,7,Source_52,2024-06-11
103,2024-09-30,Brute Force,2,Source_73,2024-09-30
104,2024-03-27,Malware,5,Source_16,2024-03-27
105,2024-08-29,Brute Force,10,Source_67,2024-08-29
106,2024-12-02,Brute Force,1,Source_12,2024-12-02
107,2024-09-18,DDoS,5,Source_64,2024-09-18
108,2024-04-07,Phishing,4,Source_10,2024-04-07
109,2024-05-08,DDoS,1,Source_4,2024-05-08
110,2024-09-12,Brute Force,9,Source_54,2024-09-12
111,2024-12-16,Malware,4,Source_26,2024-12-16
112,2024-07-02,Brute Force,9,Source_57,2024-07-02
113,2024-05-09,Phishing,3,Source_87,2024-05-09
114,2024-04-20,Brute Force,10,Source_46,2024-04-20
115,2024-05-20,Malware,1,Source_84,2024-05-20
116,2024-01-02,Phishing,1,Source_91,2024-01-02
117,2024-12-30,Brute Force,1,Source_74,2024-12-30
118,2024-01-27,Brute Force,9,Source_64,2024-01-27
119,2024-07-23,Brute Force,6,Source_26,2024-07-23
120,2024-10-08,DDoS,9,Source_23,2024-10-08
121,2024-06-10,Brute Force,3,Source_45,2024-06-10
122,2024-05-20,Malware,4,Source_66,2024-05-20
123,2024-01-04,Ransomware,6,Source_65,2024-01-04
124,2024-04-17,Brute Force,7,Source_20,2024-04-17
125,2024-03-17,Phishing,8,Source_31,2024-03-17
126,2024-06-26,Malware,7,Source_52,2024-06-26
127,2024-10-18,Brute Force,2,Source_53,2024-10-18
128,2024-08-10,Phishing,6,Source_61,2024-08-10
129,2024-07-31,Brute Force,8,Source_84,2024-07-31
130,2024-04-01,DDoS,8,Source_75,2024-04-01
131,2024-09-06,Phishing,7,Source_77,2024-09-06
132,2024-09-30,DDoS,3,Source_27,2024-09-30
133,2024-08-11,Brute Force,5,Source_58,2024-08-11
134,2024-11-25,Brute Force,9,Source_52,2024-11-25
135,2024-05-25,Malware,5,Source_91,2024-05-25
136,2024-06-14,Phishing,7,Source_38,2024-06-14
137,2024-12-29,Phishing,9,Source_30,2024-12-29
138,2024-10-19,Brute Force,9,Source_7,2024-10-19
139,2024-06-06,Ransomware,5,Source_92,2024-06-06
140,2024-03-13,Phishing,10,Source_55,2024-03-13
141,2024-12-27,DDoS,4,Source_42,2024-12-27
142,2024-05-28,Phishing,4,Source_91,2024-05-28
143,2024-05-30,Malware,2,Source_52,2024-05-30
144,2024-12-28,Brute Force,5,Source_98,2024-12-28
145,2024-10-16,Malware,1,Source_59,2024-10-16
146,2024-04-18,Brute Force,2,Source_41,2024-04-18
147,2024-03-12,Brute Force,3,Source_17,2024-03-12
148,2024-09-07,Malware,6,Source_72,2024-09-07
149,2024-10-28,Malware,7,Source_97,2024-10-28
150,2024-04-25,Brute Force,3,Source_24,2024-04-25
151,2024-11-01,DDoS,2,Source_45,2024-11-01
152,2024-09-22,Brute Force,8,Source_6,2024-09-22
153,2024-08-21,DDoS,9,Source_11,2024-08-21
154,2024-10-08,DDoS,9,Source_99,2024-10-08
155,2024-03-18,Phishing,6,Source_27,2024-03-18
156,2024-05-06,Malware,7,Source_33,2024-05-06
157,2024-01-22,Phishing,10,Source_35,2024-01-22
158,2024-08-01,Phishing,4,Source_81,2024-08-01
159,2024-12-08,Malware,7,Source_15,2024-12-08
160,2024-07-02,Ransomware,3,Source_82,2024-07-02
161,2024-05-14,Brute Force,8,Source_69,2024-05-14
162,2024-07-28,Malware,4,Source_8,2024-07-28
163,2024-10-02,Phishing,6,Source_45,2024-10-02
164,2024-08-31,Malware,6,Source_86,2024-08-31
165,2024-03-21,Ransomware,2,Source_94,2024-03-21
166,2024-03-26,Malware,2,Source_16,2024-03-26
167,2024-02-01,Brute Force,1,Source_26,2024-02-01
168,2024-09-23,Phishing,3,Source_6,2024-09-23
169,2024-03-28,Malware,1,Source_76,2024-03-28
170,2024-03-16,Malware,3,Source_83,2024-03-16
171,2024-05-08,Ransomware,6,Source_91,2024-05-08
172,2024-12-15,Brute Force,1,Source_11,2024-12-15
173,2024-11-01,Phishing,5,Source_8,2024-11-01
174,2024-12-01,Malware,2,Source_54,2024-12-01
175,2024-04-23,DDoS,10,Source_31,2024-04-23
176,2024-12-07,Brute Force,1,Source_37,2024-12-07
177,2024-10-10,Brute Force,6,Source_46,2024-10-10
178,2024-09-14,Malware,3,Source_44,2024-09-14
179,2024-03-11,Phishing,4,Source_80,2024-03-11
180,2024-02-13,Phishing,4,Source_41,2024-02-13
181,2024-12-07,Phishing,2,Source_44,2024-12-07
182,2024-08-31,Brute Force,4,Source_48,2024-08-31
183,2024-01-31,Brute Force,5,Source_52,2024-01-31
184,2024-03-31,Phishing,5,Source_55,2024-03-31
185,2024-07-14,Malware,4,Source_55,2024-07-14
186,2024-08-23,Brute Force,4,Source_52,2024-08-23
187,2024-11-20,DDoS,1,Source_39,2024-11-20
188,2024-12-19,DDoS,8,Source_45,2024-12-19
189,2024-01-02,DDoS,9,Source_89,2024-01-02
190,2024-03-19,Malware,9,Source_52,2024-03-19
191,2024-09-15,Brute Force,3,Source_70,2024-09-15
192,2024-10-16,Malware,2,Source_66,2024-10-16
193,2024-02-25,Phishing,1,Source_35,2024-02-25
194,2024-01-17,Ransomware,9,Source_63,2024-01-17
195,2024-01-14,Phishing,2,Source_16,2024-01-14
196,2024-04-16,Malware,4,Source_13,2024-04-16
197,2024-06-14,Brute Force,4,Source_96,2024-06-14
198,2024-07-05,Ransomware,1,Source_68,2024-07-05
199,2024-04-20,DDoS,5,Source_29,2024-04-20
200,2024-11-14,Brute Force,8,Source_97,2024-11-14
201,2024-04-27,Phishing,1,Source_72,2024-04-27
202,2024-03-16,Malware,9,Source_1,2024-03-16
203,2024-11-02,DDoS,1,Source_17,2024-11-02
204,2024-10-02,Ransomware,6,Source_10,2024-10-02
205,2024-01-12,Malware,10,Source_32,2024-01-12
206,2024-05-12,Ransomware,3,Source_33,2024-05-12
207,2024-01-27,Malware,6,Source_20,2024-01-27
208,2024-12-26,DDoS,9,Source_4,2024-12-26
209,2024-09-11,Ransomware,9,Source_20,2024-09-11
210,2024-03-27,Brute Force,8,Source_3,2024-03-27
211,2024-09-29,Ransomware,9,Source_49,2024-09-29
212,2024-12-30,Phishing,5,Source_91,2024-12-30
213,2024-04-22,Phishing,6,Source_62,2024-04-22
214,2024-09-02,DDoS,3,Source_75,2024-09-02
215,2024-10-23,DDoS,5,Source_6,2024-10-23
216,2024-12-11,DDoS,2,Source_27,2024-12-11
217,2024-10-02,Brute Force,7,Source_11,2024-10-02
218,2024-06-30,Malware,2,Source_89,2024-06-30
219,2024-01-28,Malware,5,Source_3,2024-01-28
220,2024-11-25,Ransomware,5,Source_61,2024-11-25
221,2024-04-28,DDoS,3,Source_16,2024-04-28
222,2024-11-14,Brute Force,10,Source_42,2024-11-14
223,2024-12-21,DDoS,4,Source_51,2024-12-21
224,2024-10-05,Phishing,9,Source_48,2024-10-05
225,2024-03-25,Malware,2,Source_14,2024-03-25
226,2024-04-10,DDoS,8,Source_64,2024-04-10
227,2024-12-28,Ransomware,9,Source_99,2024-12-28
228,2024-04-09,Brute Force,6,Source_53,2024-04-09
229,2024-02-15,Ransomware,9,Source_46,2024-02-15
230,2024-09-10,Phishing,3,Source_36,2024-09-10
231,2024-11-29,Ransomware,3,Source_8,2024-11-29
232,2024-03-27,Phishing,8,Source_98,2024-03-27
233,2024-05-25,Phishing,3,Source_31,2024-05-25
234,2024-02-12,DDoS,8,Source_72,2024-02-12
235,2024-05-09,Phishing,6,Source_80,2024-05-09
236,2024-06-21,DDoS,4,Source_92,2024-06-21
237,2024-11-22,Phishing,7,Source_83,2024-11-22
238,2024-10-17,Malware,5,Source_21,2024-10-17
239,2024-02-10,DDoS,2,Source_19,2024-02-10
240,2024-07-16,Malware,6,Source_10,2024-07-16
241,2024-07-09,DDoS,2,Source_11,2024-07-09
242,2024-11-09,DDoS,4,Source_74,2024-11-09
243,2024-12-02,DDoS,3,Source_89,2024-12-02
244,2024-04-20,DDoS,4,Source_12,2024-04-20
245,2024-03-11,DDoS,3,Source_65,2024-03-11
246,2024-10-21,Phishing,5,Source_20,2024-10-21
247,2024-09-08,Ransomware,6,Source_36,2024-09-08
248,2024-10-20,Phishing,6,Source_81,2024-10-20
249,2024-02-01,Ransomware,2,Source_44,2024-02-01
250,2024-04-27,Brute Force,9,Source_72,2024-04-27
251,2024-12-04,Malware,1,Source_51,2024-12-04
252,2024-05-29,Ransomware,7,Source_24,2024-05-29
253,2024-07-05,Ransomware,6,Source_26,2024-07-05
254,2024-12-28,Brute Force,8,Source_43,2024-12-28
255,2024-07-25,Malware,5,Source_54,2024-07-25
256,2024-01-07,DDoS,7,Source_70,2024-01-07
257,2024-06-23,Ransomware,2,Source_68,2024-06-23
258,2024-12-19,Brute Force,7,Source_20,2024-12-19
259,2024-01-27,Brute Force,7,Source_99,2024-01-27
260,2024-05-12,Malware,2,Source_52,2024-05-12
261,2024-04-01,DDoS,9,Source_46,2024-04-01
262,2024-10-21,Ransomware,2,Source_77,2024-10-21
263,2024-03-06,Ransomware,1,Source_69,2024-03-06
264,2024-10-26,DDoS,9,Source_10,2024-10-26
265,2024-02-20,DDoS,2,Source_17,2024-02-20
266,2024-11-03,Phishing,9,Source_75,2024-11-03
267,2024-01-18,Phishing,1,Source_87,2024-01-18
268,2024-04-05,Phishing,1,Source_79,2024-04-05
269,2024-12-16,Malware,2,Source_89,2024-12-16
270,2024-11-09,DDoS,10,Source_72,2024-11-09
271,2024-03-11,Phishing,6,Source_15,2024-03-11
272,2024-08-31,Phishing,7,Source_57,2024-08-31
273,2024-03-01,Brute Force,5,Source_65,2024-03-01
274,2024-01-13,Phishing,4,Source_12,2024-01-13
275,2024-01-21,DDoS,5,Source_15,2024-01-21
276,2024-02-23,Brute Force,3,Source_68,2024-02-23
277,2024-08-14,Malware,6,Source_80,2024-08-14
278,2024-03-02,Ransomware,9,Source_83,2024-03-02
279,2024-02-11,Brute Force,1,Source_24,2024-02-11
280,2024-11-28,Malware,1,Source_23,2024-11-28
281,2024-07-11,Brute Force,8,Source_30,2024-07-11
282,2024-10-04,Brute Force,2,Source_56,2024-10-04
283,2024-05-30,Brute Force,6,Source_45,2024-05-30
284,2024-02-24,Malware,9,Source_50,2024-02-24
285,2024-04-24,Brute Force,4,Source_48,2024-04-24
286,2024-03-08,Malware,10,Source_20,2024-03-08
287,2024-10-16,DDoS,9,Source_88,2024-10-16
288,2024-07-12,Ransomware,6,Source_75,2024-07-12
289,2024-10-12,Brute Force,2,Source_51,2024-10-12
290,2024-03-18,Malware,1,Source_69,2024-03-18
291,2024-03-18,Brute Force,10,Source_30,2024-03-18
292,2024-04-10,Malware,6,Source_40,2024-04-10
293,2024-10-26,Malware,2,Source_15,2024-10-26
294,2024-07-28,Malware,10,Source_75,2024-07-28
295,2024-02-02,Malware,1,Source_6,2024-02-02
296,2024-01-07,Malware,5,Source_50,2024-01-07
297,2024-06-18,Brute Force,8,Source_19,2024-06-18
298,2024-04-10,DDoS,3,Source_69,2024-04-10
299,2024-10-15,Malware,6,Source_99,2024-10-15
300,2024-12-22,DDoS,7,Source_18,2024-12-22
301,2024-12-18,Ransomware,8,Source_44,2024-12-18
302,2024-03-16,Brute Force,10,Source_90,2024-03-16
303,2024-02-14,Malware,1,Source_4,2024-02-14
304,2024-10-21,DDoS,10,Source_35,2024-10-21
305,2024-07-09,Ransomware,7,Source_78,2024-07-09
306,2024-07-23,Brute Force,4,Source_61,2024-07-23
307,2024-01-09,Phishing,8,Source_53,2024-01-09
308,2024-11-04,Phishing,3,Source_92,2024-11-04
309,2024-01-26,DDoS,6,Source_60,2024-01-26
310,2024-11-30,Ransomware,10,Source_11,2024-11-30
311,2024-09-08,Phishing,1,Source_14,2024-09-08
312,2024-01-25,Phishing,3,Source_16,2024-01-25
313,2024-11-05,DDoS,1,Source_8,2024-11-05
314,2024-02-20,DDoS,3,Source_99,2024-02-20
315,2024-05-08,Phishing,3,Source_86,2024-05-08
316,2024-10-25,Phishing,8,Source_32,2024-10-25
317,2024-09-26,Phishing,6,Source_20,2024-09-26
318,2024-05-16,Malware,2,Source_75,2024-05-16
319,2024-12-03,Malware,5,Source_86,2024-12-03
320,2024-05-11,Malware,6,Source_33,2024-05-11
321,2024-05-10,Brute Force,2,Source_96,2024-05-10
322,2024-08-07,DDoS,2,Source_46,2024-08-07
323,2024-11-01,Brute Force,3,Source_86,2024-11-01
324,2024-10-26,Phishing,6,Source_7,2024-10-26
325,2024-08-02,Ransomware,2,Source_29,2024-08-02
326,2024-01-02,DDoS,3,Source_14,2024-01-02
327,2024-01-16,Ransomware,3,Source_24,2024-01-16
328,2024-06-02,DDoS,6,Source_18,2024-06-02
329,2024-10-03,DDoS,1,Source_91,2024-10-03
330,2024-11-01,Phishing,10,Source_80,2024-11-01
331,2024-05-10,Phishing,8,Source_62,2024-05-10
332,2024-12-12,Phishing,6,Source_43,2024-12-12
333,2024-09-21,Malware,2,Source_46,2024-09-21
334,2024-12-29,Malware,7,Source_96,2024-12-29
335,2024-08-10,Ransomware,6,Source_49,2024-08-10
336,2024-09-14,Malware,10,Source_64,2024-09-14
337,2024-09-05,DDoS,5,Source_19,2024-09-05
338,2024-05-31,Brute Force,3,Source_19,2024-05-31
339,2024-08-27,DDoS,9,Source_83,2024-08-27
340,2024-07-31,Ransomware,3,Source_71,2024-07-31
341,2024-12-29,DDoS,7,Source_53,2024-12-29
342,2024-01-28,Malware,5,Source_41,2024-01-28
343,2024-10-15,Phishing,2,Source_38,2024-10-15
344,2024-07-10,Brute Force,6,Source_4,2024-07-10
345,2024-08-18,Malware,2,Source_51,2024-08-18
346,2024-09-15,Phishing,6,Source_48,2024-09-15
347,2024-06-11,Ransomware,3,Source_25,2024-06-11
348,2024-04-22,DDoS,1,Source_69,2024-04-22
349,2024-05-23,Brute Force,5,Source_66,2024-05-23
350,2024-07-09,Brute Force,5,Source_31,2024-07-09
351,2024-06-13,Ransomware,7,Source_2,2024-06-13
352,2024-11-03,Malware,8,Source_57,2024-11-03
353,2024-02-20,DDoS,1,Source_90,2024-02-20
354,2024-04-05,Ransomware,9,Source_76,2024-04-05
355,2024-08-29,Malware,6,Source_66,2024-08-29
356,2024-04-19,Malware,8,Source_35,2024-04-19
357,2024-02-13,Brute Force,6,Source_62,2024-02-13
358,2024-08-31,Ransomware,1,Source_27,2024-08-31
359,2024-05-14,Phishing,10,Source_21,2024-05-14
360,2024-03-13,Brute Force,3,Source_11,2024-03-13
361,2024-11-08,Malware,9,Source_90,2024-11-08
362,2024-01-30,Brute Force,6,Source_62,2024-01-30
363,2024-11-17,Brute Force,8,Source_79,2024-11-17
364,2024-05-16,Ransomware,6,Source_77,2024-05-16
365,2024-09-18,Phishing,9,Source_53,2024-09-18
366,2024-06-30,Ransomware,1,Source_58,2024-06-30
367,2024-02-05,Brute Force,5,Source_49,2024-02-05
368,2024-10-05,Malware,10,Source_73,2024-10-05
369,2024-12-07,DDoS,6,Source_63,2024-12-07
370,2024-02-06,DDoS,7,Source_43,2024-02-06
371,2024-07-03,Malware,9,Source_17,2024-07-03
372,2024-11-05,Phishing,2,Source_40,2024-11-05
373,2024-02-02,Phishing,1,Source_73,2024-02-02
374,2024-11-19,Brute Force,4,Source_61,2024-11-19
375,2024-01-25,Brute Force,6,Source_84,2024-01-25
376,2024-05-24,Ransomware,6,Source_53,2024-05-24
377,2024-08-25,Phishing,1,Source_69,2024-08-25
378,2024-12-16,Ransomware,9,Source_36,2024-12-16
379,2024-04-14,Brute Force,1,Source_31,2024-04-14
380,2024-04-15,Malware,4,Source_8,2024-04-15
381,2024-07-29,Malware,10,Source_86,2024-07-29
382,2024-07-30,Brute Force,1,Source_60,2024-07-30
383,2024-05-21,Malware,4,Source_90,2024-05-21
384,2024-06-16,DDoS,2,Source_51,2024-06-16
385,2024-08-02,DDoS,6,Source_38,2024-08-02
386,2024-08-29,Brute Force,1,Source_22,2024-08-29
387,2024-03-14,Brute Force,6,Source_81,2024-03-14
388,2024-03-24,Ransomware,4,Source_4,2024-03-24
389,2024-11-20,Malware,3,Source_41,2024-11-20
390,2024-09-13,Malware,2,Source_65,2024-09-13
391,2024-06-07,Malware,1,Source_30,2024-06-07
392,2024-11-20,Malware,6,Source_27,2024-11-20
393,2024-04-06,Brute Force,1,Source_20,2024-04-06
394,2024-11-12,Phishing,1,Source_39,2024-11-12
395,2024-05-26,Malware,2,Source_87,2024-05-26
396,2024-08-01,Phishing,4,Source_34,2024-08-01
397,2024-06-01,Brute Force,9,Source_41,2024-06-01
398,2024-10-01,Malware,3,Source_62,2024-10-01
399,2024-11-26,Phishing,8,Source_33,2024-11-26
400,2024-06-04,Phishing,4,Source_28,2024-06-04
401,2024-01-06,Phishing,1,Source_9,2024-01-06
402,2024-03-11,Malware,7,Source_96,2024-03-11
403,2024-09-01,Brute Force,2,Source_98,2024-09-01
404,2024-12-20,Brute Force,2,Source_45,2024-12-20
405,2024-01-15,Ransomware,8,Source_21,2024-01-15
406,2024-03-26,Malware,8,Source_87,2024-03-26
407,2024-05-06,Brute Force,6,Source_9,2024-05-06
408,2024-02-13,DDoS,9,Source_43,2024-02-13
409,2024-05-30,Phishing,8,Source_26,2024-05-30
410,2024-04-07,Brute Force,3,Source_35,2024-04-07
411,2024-09-06,Brute Force,4,Source_58,2024-09-06
412,2024-09-03,DDoS,3,Source_48,2024-09-03
413,2024-12-24,Brute Force,5,Source_21,2024-12-24
414,2024-05-23,Brute Force,5,Source_17,2024-05-23
415,2024-11-08,Brute Force,1,Source_98,2024-11-08
416,2024-01-07,Phishing,5,Source_49,2024-01-07
417,2024-10-17,Malware,2,Source_50,2024-10-17
418,2024-03-17,Ransomware,9,Source_20,2024-03-17
419,2024-02-07,Ransomware,7,Source_68,2024-02-07
420,2024-10-06,Malware,4,Source_24,2024-10-06
421,2024-01-22,DDoS,9,Source_48,2024-01-22
422,2024-07-16,Brute Force,4,Source_21,2024-07-16
423,2024-02-04,Malware,5,Source_75,2024-02-04
424,2024-09-02,Brute Force,9,Source_98,2024-09-02
425,2024-04-21,Ransomware,2,Source_87,2024-04-21
426,2024-05-24,DDoS,7,Source_44,2024-05-24
427,2024-10-05,Ransomware,7,Source_70,2024-10-05
428,2024-10-20,Ransomware,3,Source_40,2024-10-20
429,2024-09-06,Brute Force,1,Source_27,2024-09-06
430,2024-07-29,Brute Force,10,Source_63,2024-07-29
431,2024-10-06,DDoS,8,Source_69,2024-10-06
432,2024-06-12,Ransomware,4,Source_47,2024-06-12
433,2024-07-29,Ransomware,1,Source_43,2024-07-29
434,2024-11-04,Malware,1,Source_86,2024-11-04
435,2024-10-01,Brute Force,6,Source_19,2024-10-01
436,2024-12-14,Brute Force,2,Source_18,2024-12-14
437,2024-04-14,DDoS,10,Source_17,2024-04-14
438,2024-07-16,DDoS,7,Source_29,2024-07-16
439,2024-05-10,DDoS,8,Source_36,2024-05-10
440,2024-10-02,Phishing,5,Source_15,2024-10-02
441,2024-08-19,Ransomware,8,Source_79,2024-08-19
442,2024-10-01,DDoS,2,Source_41,2024-10-01
443,2024-09-07,Phishing,5,Source_4,2024-09-07
444,2024-12-27,Phishing,8,Source_68,2024-12-27
445,2024-03-29,Ransomware,8,Source_70,2024-03-29
446,2024-07-12,Brute Force,1,Source_2,2024-07-12
447,2024-02-24,Ransomware,4,Source_36,2024-02-24
448,2024-07-09,Brute Force,4,Source_50,2024-07-09
449,2024-04-03,Ransomware,2,Source_63,2024-04-03
450,2024-10-09,Malware,2,Source_29,2024-10-09
451,2024-02-16,Malware,4,Source_46,2024-02-16
452,2024-05-23,Phishing,6,Source_60,2024-05-23
453,2024-07-11,Malware,2,Source_73,2024-07-11
454,2024-12-09,Phishing,2,Source_27,2024-12-09
455,2024-12-15,Malware,7,Source_2,2024-12-15
456,2024-10-22,Phishing,5,Source_36,2024-10-22
457,2024-12-11,Brute Force,3,Source_53,2024-12-11
458,2024-08-31,Phishing,4,Source_64,2024-08-31
459,2024-03-05,Brute Force,4,Source_3,2024-03-05
460,2024-11-01,DDoS,2,Source_97,2024-11-01
461,2024-11-27,Malware,1,Source_83,2024-11-27
462,2024-09-20,Phishing,5,Source_18,2024-09-20
463,2024-01-10,Ransomware,8,Source_43,2024-01-10
464,2024-05-14,DDoS,1,Source_97,2024-05-14
465,2024-09-10,DDoS,8,Source_79,2024-09-10
466,2024-07-29,Malware,8,Source_96,2024-07-29
467,2024-03-20,Malware,8,Source_47,2024-03-20
468,2024-11-06,Brute Force,8,Source_31,2024-11-06
469,2024-01-31,DDoS,6,Source_82,2024-01-31
470,2024-11-17,Brute Force,4,Source_78,2024-11-17
471,2024-08-03,DDoS,5,Source_64,2024-08-03
472,2024-02-10,Phishing,3,Source_40,2024-02-10
473,2024-06-18,Brute Force,1,Source_47,2024-06-18
474,2024-08-10,Malware,7,Source_76,2024-08-10
475,2024-09-15,Brute Force,9,Source_33,2024-09-15
476,2024-08-15,Brute Force,5,Source_22,2024-08-15
477,2024-11-14,Brute Force,3,Source_53,2024-11-14
478,2024-06-03,DDoS,4,Source_42,2024-06-03
479,2024-03-25,Malware,8,Source_90,2024-03-25
480,2024-04-22,Malware,5,Source_75,2024-04-22
481,2024-02-05,Phishing,9,Source_27,2024-02-05
482,2024-01-24,Phishing,5,Source_26,2024-01-24
483,2024-12-26,DDoS,5,Source_95,2024-12-26
484,2024-07-21,Malware,9,Source_44,2024-07-21
485,2024-05-19,Brute Force,5,Source_85,2024-05-19
486,2024-04-11,Ransomware,3,Source_93,2024-04-11
487,2024-02-09,Ransomware,4,Source_32,2024-02-09
488,2024-04-11,Malware,4,Source_7,2024-04-11
489,2024-04-24,Malware,4,Source_44,2024-04-24
490,2024-12-06,Malware,2,Source_35,2024-12-06
491,2024-04-03,Ransomware,9,Source_13,2024-04-03
492,2024-01-29,Malware,5,Source_22,2024-01-29
493,2024-12-21,Malware,4,Source_80,2024-12-21
494,2024-12-29,Phishing,4,Source_68,2024-12-29
495,2024-06-13,Phishing,7,Source_17,2024-06-13
496,2024-02-03,Malware,4,Source_21,2024-02-03
497,2024-08-22,DDoS,8,Source_67,2024-08-22
498,2024-11-08,Phishing,5,Source_81,2024-11-08
499,2024-02-15,DDoS,3,Source_39,2024-02-15
500,2024-02-02,Ransomware,5,Source_95,2024-02-02
501,2024-11-07,Phishing,5,Source_97,2024-11-07
502,2024-03-01,Brute Force,10,Source_15,2024-03-01
503,2024-11-16,Brute Force,7,Source_91,2024-11-16
504,2024-11-20,DDoS,9,Source_2,2024-11-20
505,2024-11-22,Malware,2,Source_12,2024-11-22
506,2024-11-13,Malware,4,Source_35,2024-11-13
507,2024-03-24,Malware,8,Source_74,2024-03-24
508,2024-01-25,Brute Force,8,Source_71,2024-01-25
509,2024-03-26,DDoS,2,Source_55,2024-03-26
510,2024-02-24,Ransomware,2,Source_15,2024-02-24
511,2024-05-10,Phishing,6,Source_23,2024-05-10
512,2024-12-08,DDoS,3,Source_93,2024-12-08
513,2024-01-13,Ransomware,5,Source_86,2024-01-13
514,2024-09-29,Brute Force,10,Source_39,2024-09-29
515,2024-09-07,Ransomware,5,Source_7,2024-09-07
516,2024-05-23,Ransomware,7,Source_68,2024-05-23
517,2024-03-18,DDoS,6,Source_74,2024-03-18
518,2024-12-21,Malware,4,Source_39,2024-12-21
519,2024-06-18,Phishing,3,Source_33,2024-06-18
520,2024-06-26,Malware,4,Source_1,2024-06-26
521,2024-09-16,Phishing,9,Source_54,2024-09-16
522,2024-11-23,Brute Force,3,Source_64,2024-11-23
523,2024-11-24,DDoS,4,Source_65,2024-11-24
524,2024-06-20,DDoS,7,Source_90,2024-06-20
525,2024-08-11,Malware,8,Source_59,2024-08-11
526,2024-12-12,Ransomware,2,Source_75,2024-12-12
527,2024-07-20,DDoS,8,Source_2,2024-07-20
528,2024-07-09,Malware,3,Source_82,2024-07-09
529,2024-12-29,Malware,4,Source_84,2024-12-29
530,2024-02-26,Phishing,1,Source_8,2024-02-26
531,2024-03-25,Malware,10,Source_9,2024-03-25
532,2024-02-07,Ransomware,7,Source_77,2024-02-07
533,2024-04-26,Brute Force,3,Source_40,2024-04-26
534,2024-04-09,Malware,9,Source_42,2024-04-09
535,2024-10-30,Phishing,8,Source_31,2024-10-30
536,2024-06-23,DDoS,9,Source_85,2024-06-23
537,2024-06-14,Ransomware,10,Source_72,2024-06-14
538,2024-11-21,DDoS,5,Source_33,2024-11-21
539,2024-11-23,Phishing,8,Source_13,2024-11-23
540,2024-11-30,Brute Force,2,Source_89,2024-11-30
541,2024-06-04,Ransomware,10,Source_63,2024-06-04
542,2024-03-07,Ransomware,10,Source_3,2024-03-07
543,2024-04-05,DDoS,5,Source_34,2024-04-05
544,2024-11-07,Ransomware,10,Source_24,2024-11-07
545,2024-10-02,DDoS,1,Source_56,2024-10-02
546,2024-07-31,Brute Force,5,Source_56,2024-07-31
547,2024-02-17,Ransomware,8,Source_81,2024-02-17
548,2024-12-04,Ransomware,5,Source_86,2024-12-04
549,2024-09-13,Brute Force,5,Source_97,2024-09-13
550,2024-10-25,Phishing,8,Source_66,2024-10-25
551,2024-02-22,Brute Force,5,Source_66,2024-02-22
552,2024-05-23,Malware,4,Source_37,2024-05-23
553,2024-02-11,Ransomware,6,Source_89,2024-02-11
554,2024-04-04,Ransomware,8,Source_44,2024-04-04
555,2024-10-08,DDoS,3,Source_75,2024-10-08
556,2024-07-30,Phishing,9,Source_67,2024-07-30
557,2024-06-26,DDoS,2,Source_11,2024-06-26
558,2024-11-28,DDoS,8,Source_86,2024-11-28
559,2024-05-09,Brute Force,2,Source_53,2024-05-09
560,2024-12-30,DDoS,8,Source_94,2024-12-30
561,2024-08-03,Phishing,10,Source_11,2024-08-03
562,2024-04-06,Malware,10,Source_72,2024-04-06
563,2024-05-07,Brute Force,10,Source_38,2024-05-07
564,2024-10-01,Ransomware,3,Source_96,2024-10-01
565,2024-02-13,Phishing,2,Source_9,2024-02-13
566,2024-02-19,Brute Force,1,Source_19,2024-02-19
567,2024-04-20,Phishing,5,Source_64,2024-04-20
568,2024-08-31,Brute Force,4,Source_99,2024-08-31
569,2024-06-24,Phishing,3,Source_75,2024-06-24
570,2024-05-16,Brute Force,9,Source_63,2024-05-16
571,2024-07-28,Brute Force,9,Source_27,2024-07-28
572,2024-01-08,DDoS,5,Source_69,2024-01-08
573,2024-01-17,Phishing,6,Source_83,2024-01-17
574,2024-01-26,Brute Force,2,Source_98,2024-01-26
575,2024-02-12,Ransomware,8,Source_39,2024-02-12
576,2024-12-19,Brute Force,8,Source_22,2024-12-19
577,2024-04-01,Malware,5,Source_1,2024-04-01
578,2024-08-26,Ransomware,8,Source_89,2024-08-26
579,2024-09-11,Brute Force,10,Source_35,2024-09-11
580,2024-01-27,Malware,10,Source_24,2024-01-27
581,2024-05-06,Brute Force,3,Source_54,2024-05-06
582,2024-11-03,Phishing,10,Source_81,2024-11-03
583,2024-11-24,Phishing,9,Source_91,2024-11-24
584,2024-05-25,Phishing,10,Source_19,2024-05-25
585,2024-03-23,DDoS,9,Source_51,2024-03-23
586,2024-06-07,Brute Force,8,Source_87,2024-06-07
587,2024-06-26,DDoS,8,Source_49,2024-06-26
588,2024-11-12,DDoS,4,Source_48,2024-11-12
589,2024-06-06,DDoS,1,Source_18,2024-06-06
590,2024-11-04,DDoS,6,Source_18,2024-11-04
591,2024-01-03,Phishing,8,Source_29,2024-01-03
592,2024-01-15,Ransomware,1,Source_49,2024-01-15
593,2024-07-28,Ransomware,9,Source_14,2024-07-28
594,2024-07-09,Malware,7,Source_45,2024-07-09
595,2024-03-16,Malware,3,Source_85,2024-03-16
596,2024-01-08,Malware,5,Source_88,2024-01-08
597,2024-07-02,Phishing,5,Source_10,2024-07-02
598,2024-03-27,Ransomware,2,Source_86,2024-03-27
599,2024-05-24,DDoS,8,Source_20,2024-05-24
600,2024-06-13,Brute Force,5,Source_50,2024-06-13
601,2024-05-27,DDoS,4,Source_78,2024-05-27
602,2024-06-28,DDoS,3,Source_96,2024-06-28
603,2024-02-20,Brute Force,7,Source_19,2024-02-20
604,2024-05-27,DDoS,1,Source_82,2024-05-27
605,2024-03-04,Phishing,9,Source_84,2024-03-04
606,2024-02-28,DDoS,4,Source_88,2024-02-28
607,2024-06-15,Ransomware,6,Source_70,2024-06-15
608,2024-11-29,Malware,3,Source_65,2024-11-29
609,2024-06-05,Phishing,2,Source_35,2024-06-05
610,2024-04-20,DDoS,3,Source_24,2024-04-20
611,2024-12-09,Phishing,8,Source_13,2024-12-09
612,2024-03-01,Phishing,4,Source_85,2024-03-01
613,2024-12-19,Brute Force,3,Source_90,2024-12-19
614,2024-07-04,Brute Force,8,Source_65,2024-07-04
615,2024-07-12,Malware,7,Source_90,2024-07-12
616,2024-04-29,Malware,3,Source_75,2024-04-29
617,2024-03-23,Brute Force,8,Source_89,2024-03-23
618,2024-11-04,Malware,3,Source_69,2024-11-04
619,2024-03-26,Brute Force,8,Source_14,2024-03-26
620,2024-01-22,Brute Force,7,Source_75,2024-01-22
621,2024-04-25,Phishing,1,Source_61,2024-04-25
622,2024-01-31,Malware,1,Source_68,2024-01-31
623,2024-08-02,Phishing,2,Source_42,2024-08-02
624,2024-08-02,Phishing,9,Source_81,2024-08-02
625,2024-10-08,Phishing,4,Source_55,2024-10-08
626,2024-07-24,Brute Force,4,Source_16,2024-07-24
627,2024-09-05,Malware,3,Source_30,2024-09-05
628,2024-09-04,DDoS,5,Source_31,2024-09-04
629,2024-02-09,Malware,4,Source_47,2024-02-09
630,2024-08-31,Malware,4,Source_98,2024-08-31
631,2024-09-03,Ransomware,5,Source_14,2024-09-03
632,2024-09-29,Phishing,1,Source_65,2024-09-29
633,2024-07-22,Ransomware,5,Source_20,2024-07-22
634,2024-04-22,Ransomware,6,Source_57,2024-04-22
635,2024-01-30,Phishing,10,Source_55,2024-01-30
636,2024-06-01,Ransomware,8,Source_65,2024-06-01
637,2024-03-01,DDoS,10,Source_92,2024-03-01
638,2024-05-01,Phishing,4,Source_76,2024-05-01
639,2024-07-24,Phishing,9,Source_77,2024-07-24
640,2024-05-18,Ransomware,1,Source_89,2024-05-18
641,2024-07-31,Malware,1,Source_58,2024-07-31
642,2024-04-13,Malware,1,Source_57,2024-04-13
643,2024-04-08,Malware,7,Source_60,2024-04-08
644,2024-08-06,Malware,3,Source_71,2024-08-06
645,2024-02-21,Phishing,8,Source_79,2024-02-21
646,2024-07-31,Malware,6,Source_4,2024-07-31
647,2024-11-20,Ransomware,3,Source_14,2024-11-20
648,2024-02-15,Malware,9,Source_78,2024-02-15
649,2024-03-29,DDoS,7,Source_99,2024-03-29
650,2024-05-14,Brute Force,4,Source_66,2024-05-14
651,2024-09-29,Phishing,1,Source_95,2024-09-29
652,2024-10-30,Malware,4,Source_54,2024-10-30
653,2024-11-12,Malware,2,Source_82,2024-11-12
654,2024-06-27,Brute Force,7,Source_37,2024-06-27
655,2024-07-11,Malware,6,Source_77,2024-07-11
656,2024-10-27,Phishing,9,Source_21,2024-10-27
657,2024-06-16,Phishing,10,Source_64,2024-06-16
658,2024-07-23,Ransomware,1,Source_1,2024-07-23
659,2024-01-03,Brute Force,7,Source_74,2024-01-03
660,2024-12-17,DDoS,1,Source_76,2024-12-17
661,2024-05-26,Ransomware,6,Source_66,2024-05-26
662,2024-06-27,Brute Force,3,Source_32,2024-06-27
663,2024-10-28,DDoS,10,Source_33,2024-10-28
664,2024-04-17,Ransomware,7,Source_39,2024-04-17
665,2024-01-28,DDoS,3,Source_19,2024-01-28
666,2024-09-04,Brute Force,4,Source_72,2024-09-04
667,2024-02-03,Malware,3,Source_54,2024-02-03
668,2024-07-25,Brute Force,5,Source_66,2024-07-25
669,2024-12-27,Malware,6,Source_96,2024-12-27
670,2024-05-25,Brute Force,5,Source_31,2024-05-25
671,2024-10-17,DDoS,5,Source_38,2024-10-17
672,2024-07-15,DDoS,1,Source_96,2024-07-15
673,2024-09-07,Malware,9,Source_13,2024-09-07
674,2024-01-02,Brute Force,2,Source_31,2024-01-02
675,2024-07-29,Phishing,1,Source_81,2024-07-29
676,2024-02-03,DDoS,5,Source_76,2024-02-03
677,2024-02-10,Phishing,7,Source_78,2024-02-10
678,2024-11-05,Phishing,7,Source_24,2024-11-05
679,2024-03-08,Malware,8,Source_37,2024-03-08
680,2024-10-15,Phishing,9,Source_39,2024-10-15
681,2024-02-27,Malware,2,Source_69,2024-02-27
682,2024-05-21,Malware,10,Source_77,2024-05-21
683,2024-03-19,Malware,3,Source_39,2024-03-19
684,2024-02-29,Ransomware,1,Source_56,2024-02-29
685,2024-03-16,Brute Force,2,Source_51,2024-03-16
686,2024-04-09,Brute Force,8,Source_57,2024-04-09
687,2024-11-16,Phishing,5,Source_28,2024-11-16
688,2024-06-02,Ransomware,2,Source_75,2024-06-02
689,2024-01-11,Brute Force,10,Source_7,2024-01-11
690,2024-01-08,Brute Force,3,Source_93,2024-01-08
691,2024-12-05,Brute Force,5,Source_95,2024-12-05
692,2024-05-13,Ransomware,6,Source_40,2024-05-13
693,2024-12-29,Phishing,8,Source_11,2024-12-29
694,2024-10-26,Ransomware,1,Source_28,2024-10-26
695,2024-12-14,Brute Force,9,Source_4,2024-12-14
696,2024-02-14,Phishing,10,Source_49,2024-02-14
697,2024-08-04,Brute Force,3,Source_74,2024-08-04
698,2024-12-29,Malware,8,Source_5,2024-12-29
699,2024-03-26,Brute Force,4,Source_58,2024-03-26
700,2024-02-01,DDoS,10,Source_57,2024-02-01
701,2024-01-30,Ransomware,1,Source_84,2024-01-30
702,2024-07-08,Ransomware,1,Source_99,2024-07-08
703,2024-02-03,Ransomware,1,Source_43,2024-02-03
704,2024-10-06,Phishing,8,Source_52,2024-10-06
705,2024-01-11,Ransomware,5,Source_78,2024-01-11
706,2024-01-20,Phishing,8,Source_31,2024-01-20
707,2024-11-10,DDoS,2,Source_98,2024-11-10
708,2024-12-03,Malware,9,Source_8,2024-12-03
709,2024-06-05,Malware,6,Source_39,2024-06-05
710,2024-01-22,Malware,2,Source_26,2024-01-22
711,2024-02-04,Malware,6,Source_26,2024-02-04
712,2024-12-21,Ransomware,10,Source_38,2024-12-21
713,2024-06-02,Ransomware,9,Source_63,2024-06-02
714,2024-11-28,Ransomware,10,Source_2,2024-11-28
715,2024-12-30,Brute Force,2,Source_59,2024-12-30
716,2024-09-07,Brute Force,1,Source_3,2024-09-07
717,2024-11-07,DDoS,5,Source_61,2024-11-07
718,2024-09-05,Malware,5,Source_3,2024-09-05
719,2024-02-02,Malware,8,Source_70,2024-02-02
720,2024-03-30,Malware,5,Source_12,2024-03-30
721,2024-03-08,Malware,8,Source_70,2024-03-08
722,2024-12-07,DDoS,5,Source_28,2024-12-07
723,2024-06-21,DDoS,4,Source_76,2024-06-21
724,2024-02-11,DDoS,10,Source_95,2024-02-11
725,2024-12-03,DDoS,4,Source_91,2024-12-03
726,2024-03-27,Malware,10,Source_68,2024-03-27
727,2024-05-30,Phishing,5,Source_35,2024-05-30
728,2024-01-29,Ransomware,1,Source_55,2024-01-29
729,2024-02-22,Ransomware,9,Source_45,2024-02-22
730,2024-03-06,Brute Force,10,Source_52,2024-03-06
731,2024-12-20,Ransomware,8,Source_30,2024-12-20
732,2024-02-25,Phishing,1,Source_54,2024-02-25
733,2024-09-13,Ransomware,1,Source_79,2024-09-13
734,2024-09-16,Phishing,1,Source_46,2024-09-16
735,2024-11-21,Ransomware,8,Source_67,2024-11-21
736,2024-11-22,Phishing,7,Source_12,2024-11-22
737,2024-01-06,Brute Force,6,Source_4,2024-01-06
738,2024-01-16,Ransomware,5,Source_62,2024-01-16
739,2024-07-04,Brute Force,9,Source_99,2024-07-04
740,2024-10-25,Brute Force,10,Source_52,2024-10-25
741,2024-02-22,Brute Force,7,Source_51,2024-02-22
742,2024-04-09,Brute Force,9,Source_57,2024-04-09
743,2024-02-08,Ransomware,2,Source_62,2024-02-08
744,2024-01-30,Brute Force,8,Source_31,2024-01-30
745,2024-10-11,Ransomware,7,Source_11,2024-10-11
746,2024-12-26,Phishing,8,Source_53,2024-12-26
747,2024-11-15,Ransomware,9,Source_49,2024-11-15
748,2024-02-15,Ransomware,6,Source_91,2024-02-15
749,2024-03-25,Ransomware,2,Source_82,2024-03-25
750,2024-08-14,DDoS,6,Source_15,2024-08-14
751,2024-01-17,Phishing,10,Source_87,2024-01-17
752,2024-04-23,Ransomware,7,Source_80,2024-04-23
753,2024-09-14,Malware,9,Source_27,2024-09-14
754,2024-01-19,Malware,2,Source_96,2024-01-19
755,2024-11-07,Phishing,8,Source_38,2024-11-07
756,2024-04-04,Malware,8,Source_62,2024-04-04
757,2024-05-16,Malware,9,Source_55,2024-05-16
758,2024-05-01,DDoS,9,Source_81,2024-05-01
759,2024-07-12,Ransomware,7,Source_82,2024-07-12
760,2024-03-23,Malware,6,Source_37,2024-03-23
761,2024-12-17,Brute Force,7,Source_89,2024-12-17
762,2024-10-07,Ransomware,5,Source_33,2024-10-07
763,2024-02-26,Brute Force,10,Source_66,2024-02-26
764,2024-06-27,Malware,1,Source_60,2024-06-27
765,2024-07-13,Brute Force,3,Source_96,2024-07-13
766,2024-08-29,DDoS,10,Source_29,2024-08-29
767,2024-11-04,Malware,10,Source_62,2024-11-04
768,2024-10-05,Ransomware,7,Source_39,2024-10-05
769,2024-10-12,Ransomware,3,Source_94,2024-10-12
770,2024-09-11,Malware,3,Source_95,2024-09-11
771,2024-04-11,Brute Force,8,Source_67,2024-04-11
772,2024-04-26,Malware,7,Source_88,2024-04-26
773,2024-10-28,DDoS,9,Source_97,2024-10-28
774,2024-07-01,DDoS,7,Source_13,2024-07-01
775,2024-10-12,Ransomware,7,Source_91,2024-10-12
776,2024-10-04,Brute Force,2,Source_60,2024-10-04
777,2024-04-06,Brute Force,4,Source_96,2024-04-06
778,2024-11-08,Malware,3,Source_93,2024-11-08
779,2024-07-08,Ransomware,9,Source_30,2024-07-08
780,2024-07-05,Phishing,3,Source_60,2024-07-05
781,2024-12-16,Malware,10,Source_48,2024-12-16
782,2024-12-11,Phishing,3,Source_68,2024-12-11
783,2024-09-29,Ransomware,2,Source_29,2024-09-29
784,2024-03-03,Phishing,1,Source_60,2024-03-03
785,2024-06-04,Brute Force,6,Source_30,2024-06-04
786,2024-06-29,DDoS,9,Source_26,2024-06-29
787,2024-01-15,Malware,8,Source_7,2024-01-15
788,2024-09-04,Ransomware,8,Source_4,2024-09-04
789,2024-02-24,DDoS,3,Source_11,2024-02-24
790,2024-01-12,Phishing,10,Source_92,2024-01-12
791,2024-11-13,Ransomware,9,Source_44,2024-11-13
792,2024-11-19,Malware,7,Source_28,2024-11-19
793,2024-04-29,Phishing,3,Source_76,2024-04-29
794,2024-06-17,Brute Force,10,Source_11,2024-06-17
795,2024-12-24,Malware,1,Source_76,2024-12-24
796,2024-08-11,Ransomware,9,Source_36,2024-08-11
797,2024-09-21,Brute Force,10,Source_73,2024-09-21
798,2024-01-23,Brute Force,2,Source_78,2024-01-23
799,2024-02-24,DDoS,7,Source_44,2024-02-24
800,2024-05-24,Malware,6,Source_14,2024-05-24
801,2024-09-15,Ransomware,3,Source_97,2024-09-15
802,2024-10-18,DDoS,8,Source_76,2024-10-18
803,2024-04-12,DDoS,4,Source_50,2024-04-12
804,2024-03-13,Phishing,2,Source_16,2024-03-13
805,2024-03-26,Ransomware,4,Source_29,2024-03-26
806,2024-06-29,Brute Force,7,Source_20,2024-06-29
807,2024-12-27,Brute Force,3,Source_48,2024-12-27
808,2024-07-22,Ransomware,6,Source_56,2024-07-22
809,2024-08-02,DDoS,9,Source_57,2024-08-02
810,2024-06-15,Malware,9,Source_25,2024-06-15
811,2024-08-22,Ransomware,10,Source_57,2024-08-22
812,2024-09-15,DDoS,3,Source_97,2024-09-15
813,2024-05-06,Ransomware,1,Source_98,2024-05-06
814,2024-09-28,Malware,10,Source_58,2024-09-28
815,2024-04-12,Malware,2,Source_9,2024-04-12
816,2024-11-04,Ransomware,3,Source_95,2024-11-04
817,2024-01-25,Malware,9,Source_29,2024-01-25
818,2024-08-15,Brute Force,9,Source_80,2024-08-15
819,2024-09-21,Ransomware,3,Source_32,2024-09-21
820,2024-04-12,Ransomware,2,Source_17,2024-04-12
821,2024-11-19,Brute Force,2,Source_63,2024-11-19
822,2024-11-29,Brute Force,10,Source_7,2024-11-29
823,2024-11-05,Brute Force,7,Source_27,2024-11-05
824,2024-02-13,DDoS,1,Source_53,2024-02-13
825,2024-02-05,Malware,5,Source_5,2024-02-05
826,2024-03-08,Brute Force,2,Source_92,2024-03-08
827,2024-05-07,Malware,5,Source_54,2024-05-07
828,2024-12-14,Phishing,10,Source_47,2024-12-14
829,2024-08-19,DDoS,5,Source_21,2024-08-19
830,2024-10-31,DDoS,6,Source_42,2024-10-31
831,2024-03-12,DDoS,9,Source_53,2024-03-12
832,2024-11-28,Malware,4,Source_33,2024-11-28
833,2024-03-04,Malware,6,Source_5,2024-03-04
834,2024-02-15,Malware,8,Source_52,2024-02-15
835,2024-09-25,Malware,10,Source_40,2024-09-25
836,2024-03-21,Malware,1,Source_35,2024-03-21
837,2024-05-19,Brute Force,2,Source_81,2024-05-19
838,2024-11-30,Ransomware,1,Source_93,2024-11-30
839,2024-07-22,Ransomware,1,Source_50,2024-07-22
840,2024-02-23,Ransomware,5,Source_76,2024-02-23
841,2024-04-10,DDoS,4,Source_52,2024-04-10
842,2024-08-13,Malware,7,Source_75,2024-08-13
843,2024-06-19,Phishing,4,Source_78,2024-06-19
844,2024-03-24,Malware,4,Source_58,2024-03-24
845,2024-02-13,Ransomware,5,Source_71,2024-02-13
846,2024-09-16,Ransomware,8,Source_33,2024-09-16
847,2024-08-23,Brute Force,10,Source_99,2024-08-23
848,2024-03-28,Brute Force,9,Source_73,2024-03-28
849,2024-01-27,Phishing,1,Source_60,2024-01-27
850,2024-12-14,Malware,7,Source_66,2024-12-14
851,2024-02-17,DDoS,9,Source_60,2024-02-17
852,2024-08-01,Ransomware,9,Source_15,2024-08-01
853,2024-07-04,Malware,2,Source_66,2024-07-04
854,2024-12-08,Malware,7,Source_87,2024-12-08
855,2024-08-29,Ransomware,5,Source_18,2024-08-29
856,2024-09-20,DDoS,10,Source_13,2024-09-20
857,2024-09-25,Phishing,6,Source_3,2024-09-25
858,2024-10-14,Phishing,5,Source_2,2024-10-14
859,2024-05-31,Phishing,3,Source_50,2024-05-31
860,2024-08-05,Malware,6,Source_78,2024-08-05
861,2024-07-05,Ransomware,8,Source_78,2024-07-05
862,2024-12-10,Phishing,3,Source_50,2024-12-10
863,2024-12-19,Malware,8,Source_39,2024-12-19
864,2024-07-02,Malware,9,Source_75,2024-07-02
865,2024-08-27,Malware,7,Source_27,2024-08-27
866,2024-10-18,Ransomware,9,Source_93,2024-10-18
867,2024-06-13,Brute Force,6,Source_62,2024-06-13
868,2024-09-11,Malware,10,Source_86,2024-09-11
869,2024-10-30,Ransomware,3,Source_57,2024-10-30
870,2024-09-03,Phishing,5,Source_19,2024-09-03
871,2024-07-07,Phishing,7,Source_52,2024-07-07
872,2024-08-02,Phishing,7,Source_30,2024-08-02
873,2024-12-22,Brute Force,3,Source_97,2024-12-22
874,2024-08-17,Phishing,3,Source_38,2024-08-17
875,2024-03-13,Brute Force,6,Source_51,2024-03-13
876,2024-06-13,DDoS,4,Source_96,2024-06-13
877,2024-10-23,Phishing,5,Source_24,2024-10-23
878,2024-12-10,Brute Force,1,Source_39,2024-12-10
879,2024-12-20,Brute Force,5,Source_58,2024-12-20
880,2024-10-27,Brute Force,1,Source_57,2024-10-27
881,2024-03-11,Brute Force,4,Source_4,2024-03-11
882,2024-09-19,Ransomware,10,Source_30,2024-09-19
883,2024-06-22,DDoS,1,Source_42,2024-06-22
884,2024-04-02,DDoS,5,Source_64,2024-04-02
885,2024-11-05,Phishing,9,Source_71,2024-11-05
886,2024-04-20,DDoS,6,Source_13,2024-04-20
887,2024-01-17,DDoS,5,Source_46,2024-01-17
888,2024-06-01,Malware,4,Source_67,2024-06-01
889,2024-07-13,Brute Force,9,Source_99,2024-07-13
890,2024-04-18,Malware,5,Source_38,2024-04-18
891,2024-03-12,Phishing,9,Source_74,2024-03-12
892,2024-08-03,Malware,5,Source_70,2024-08-03
893,2024-02-16,DDoS,1,Source_89,2024-02-16
894,2024-07-23,Brute Force,10,Source_86,2024-07-23
895,2024-08-07,Brute Force,5,Source_83,2024-08-07
896,2024-01-01,DDoS,10,Source_16,2024-01-01
897,2024-02-22,Phishing,4,Source_58,2024-02-22
898,2024-01-17,DDoS,10,Source_51,2024-01-17
899,2024-03-26,Malware,2,Source_93,2024-03-26
900,2024-05-04,Phishing,6,Source_46,2024-05-04
901,2024-06-25,Brute Force,1,Source_81,2024-06-25
902,2024-12-29,Ransomware,6,Source_59,2024-12-29
903,2024-06-20,Phishing,7,Source_71,2024-06-20
904,2024-10-17,Brute Force,1,Source_37,2024-10-17
905,2024-08-17,Malware,3,Source_7,2024-08-17
906,2024-01-15,Brute Force,1,Source_66,2024-01-15
907,2024-05-30,Malware,5,Source_22,2024-05-30
908,2024-07-07,Brute Force,7,Source_86,2024-07-07
909,2024-04-18,DDoS,7,Source_61,2024-04-18
910,2024-08-07,Ransomware,3,Source_79,2024-08-07
911,2024-08-12,Phishing,1,Source_21,2024-08-12
912,2024-02-24,DDoS,7,Source_7,2024-02-24
913,2024-07-12,DDoS,6,Source_78,2024-07-12
914,2024-09-07,DDoS,5,Source_83,2024-09-07
915,2024-03-11,DDoS,5,Source_8,2024-03-11
916,2024-09-06,DDoS,10,Source_54,2024-09-06
917,2024-07-01,Ransomware,1,Source_87,2024-07-01
918,2024-04-15,Malware,2,Source_42,2024-04-15
919,2024-11-21,Ransomware,8,Source_66,2024-11-21
920,2024-09-26,Phishing,5,Source_7,2024-09-26
921,2024-10-28,Malware,8,Source_76,2024-10-28
922,2024-04-24,Ransomware,5,Source_73,2024-04-24
923,2024-11-11,DDoS,5,Source_27,2024-11-11
924,2024-06-18,Phishing,9,Source_3,2024-06-18
925,2024-11-26,Malware,10,Source_45,2024-11-26
926,2024-03-19,DDoS,7,Source_98,2024-03-19
927,2024-08-03,Ransomware,2,Source_55,2024-08-03
928,2024-08-27,Ransomware,5,Source_71,2024-08-27
929,2024-08-18,Ransomware,10,Source_65,2024-08-18
930,2024-01-08,Ransomware,3,Source_32,2024-01-08
931,2024-08-12,Phishing,6,Source_11,2024-08-12
932,2024-10-02,DDoS,9,Source_5,2024-10-02
933,2024-08-20,Phishing,6,Source_78,2024-08-20
934,2024-06-05,Phishing,3,Source_11,2024-06-05
935,2024-02-22,DDoS,4,Source_9,2024-02-22
936,2024-07-31,Ransomware,10,Source_53,2024-07-31
937,2024-08-13,DDoS,9,Source_97,2024-08-13
938,2024-09-22,Ransomware,1,Source_61,2024-09-22
939,2024-05-07,Phishing,2,Source_27,2024-05-07
940,2024-01-14,Ransomware,7,Source_76,2024-01-14
941,2024-08-10,Brute Force,4,Source_97,2024-08-10
942,2024-05-11,Ransomware,4,Source_29,2024-05-11
943,2024-01-17,Ransomware,8,Source_41,2024-01-17
944,2024-01-28,Malware,8,Source_68,2024-01-28
945,2024-08-12,DDoS,8,Source_86,2024-08-12
946,2024-01-05,Brute Force,9,Source_45,2024-01-05
947,2024-01-26,Ransomware,10,Source_98,2024-01-26
948,2024-05-09,Brute Force,3,Source_64,2024-05-09
949,2024-04-15,Phishing,4,Source_40,2024-04-15
950,2024-01-23,Brute Force,5,Source_31,2024-01-23
951,2024-08-11,Ransomware,5,Source_35,2024-08-11
952,2024-08-07,DDoS,10,Source_55,2024-08-07
953,2024-07-08,DDoS,6,Source_95,2024-07-08
954,2024-05-03,DDoS,2,Source_1,2024-05-03
955,2024-08-18,Brute Force,9,Source_65,2024-08-18
956,2024-01-26,Malware,3,Source_10,2024-01-26
957,2024-09-27,Ransomware,10,Source_79,2024-09-27
958,2024-08-26,Brute Force,6,Source_43,2024-08-26
959,2024-08-25,DDoS,9,Source_49,2024-08-25
960,2024-08-16,Phishing,7,Source_15,2024-08-16
961,2024-06-28,Phishing,2,Source_17,2024-06-28
962,2024-09-03,Malware,9,Source_4,2024-09-03
963,2024-07-10,Brute Force,2,Source_69,2024-07-10
964,2024-04-13,DDoS,2,Source_21,2024-04-13
965,2024-02-05,Ransomware,3,Source_3,2024-02-05
966,2024-03-13,Malware,3,Source_9,2024-03-13
967,2024-07-10,Brute Force,4,Source_46,2024-07-10
968,2024-07-27,Malware,10,Source_69,2024-07-27
969,2024-08-23,DDoS,4,Source_11,2024-08-23
970,2024-03-07,DDoS,4,Source_16,2024-03-07
971,2024-01-21,DDoS,7,Source_64,2024-01-21
972,2024-12-26,DDoS,5,Source_57,2024-12-26
973,2024-08-23,Ransomware,9,Source_89,2024-08-23
974,2024-11-08,Phishing,4,Source_74,2024-11-08
975,2024-02-08,Brute Force,6,Source_85,2024-02-08
976,2024-12-01,Brute Force,9,Source_41,2024-12-01
977,2024-09-07,Phishing,9,Source_43,2024-09-07
978,2024-01-05,Ransomware,6,Source_78,2024-01-05
979,2024-02-20,DDoS,9,Source_85,2024-02-20
980,2024-08-24,DDoS,7,Source_90,2024-08-24
981,2024-11-04,Ransomware,4,Source_54,2024-11-04
982,2024-12-09,Phishing,3,Source_92,2024-12-09
983,2024-02-05,Phishing,7,Source_15,2024-02-05
984,2024-12-05,Malware,6,Source_93,2024-12-05
985,2024-09-23,Ransomware,2,Source_19,2024-09-23
986,2024-03-26,Malware,9,Source_81,2024-03-26
987,2024-07-13,Ransomware,10,Source_81,2024-07-13
988,2024-07-23,Ransomware,9,Source_48,2024-07-23
989,2024-04-09,Brute Force,1,Source_19,2024-04-09
990,2024-04-10,Ransomware,8,Source_4,2024-04-10
991,2024-07-02,Malware,9,Source_26,2024-07-02
992,2024-10-27,Malware,8,Source_30,2024-10-27
993,2024-02-10,Malware,5,Source_59,2024-02-10
994,2024-04-21,Brute Force,6,Source_20,2024-04-21
995,2024-10-06,DDoS,5,Source_52,2024-10-06
996,2024-11-06,Brute Force,8,Source_58,2024-11-06
997,2024-11-15,DDoS,6,Source_16,2024-11-15
998,2024-11-16,DDoS,6,Source_74,2024-11-16
999,2024-02-10,Brute Force,5,Source_92,2024-02-10
